Date,Home Team,Away Team
01/12/2025,Atlanta Hawks,Detroit Pistons
01/12/2025,Cleveland Cavaliers,Indiana Pacers
01/12/2025,Milwaukee Bucks,Washington Wizards
01/12/2025,Charlotte Hornets,Brooklyn Nets
01/12/2025,Los Angeles Clippers,Miami Heat
01/12/2025,Chicago Bulls,Orlando Magic
01/12/2025,Dallas Mavericks,Denver Nuggets
01/12/2025,Houston Rockets,Utah Jazz
01/12/2025,Phoenix Suns,Los Angeles Lakers
02/12/2025,Washington Wizards,Philadelphia 76ers
02/12/2025,Portland Trail Blazers,Toronto Raptors
02/12/2025,New York Knicks,Boston Celtics
02/12/2025,Minnesota Timberwolves,New Orleans Pelicans
02/12/2025,Memphis Grizzlies,San Antonio Spurs
02/12/2025,Oklahoma City Thunder,Golden State Warriors
03/12/2025,Portland Trail Blazers,Cleveland Cavaliers
03/12/2025,Denver Nuggets,Indiana Pacers
03/12/2025,San Antonio Spurs,Orlando Magic
03/12/2025,Los Angeles Clippers,Atlanta Hawks
03/12/2025,Charlotte Hornets,New York Knicks
03/12/2025,Brooklyn Nets,Chicago Bulls
03/12/2025,Sacramento Kings,Houston Rockets
03/12/2025,Detroit Pistons,Milwaukee Bucks
03/12/2025,Miami Heat,Dallas Mavericks
04/12/2025,Golden State Warriors,Philadelphia 76ers
04/12/2025,Boston Celtics,Washington Wizards
04/12/2025,Utah Jazz,Brooklyn Nets
04/12/2025,Los Angeles Lakers,Toronto Raptors
04/12/2025,Minnesota Timberwolves,New Orleans Pelicans
05/12/2025,Los Angeles Lakers,Boston Celtics
05/12/2025,Miami Heat,Orlando Magic
05/12/2025,Denver Nuggets,Atlanta Hawks
05/12/2025,San Antonio Spurs,Cleveland Cavaliers
05/12/2025,Portland Trail Blazers,Detroit Pistons
05/12/2025,Utah Jazz,New York Knicks
05/12/2025,Charlotte Hornets,Toronto Raptors
05/12/2025,Indiana Pacers,Chicago Bulls
05/12/2025,Phoenix Suns,Houston Rockets
05/12/2025,Los Angeles Clippers,Memphis Grizzlies
05/12/2025,Philadelphia 76ers,Milwaukee Bucks
05/12/2025,Dallas Mavericks,Oklahoma City Thunder
06/12/2025,New Orleans Pelicans,Brooklyn Nets
06/12/2025,Atlanta Hawks,Washington Wizards
06/12/2025,Golden State Warriors,Cleveland Cavaliers
06/12/2025,Milwaukee Bucks,Detroit Pistons
06/12/2025,Sacramento Kings,Miami Heat
06/12/2025,Los Angeles Clippers,Minnesota Timberwolves
06/12/2025,Houston Rockets,Dallas Mavericks
07/12/2025,Orlando Magic,New York Knicks
07/12/2025,Boston Celtics,Toronto Raptors
07/12/2025,Denver Nuggets,Charlotte Hornets
07/12/2025,Portland Trail Blazers,Memphis Grizzlies
07/12/2025,Golden State Warriors,Chicago Bulls
07/12/2025,Los Angeles Lakers,Philadelphia 76ers
07/12/2025,Oklahoma City Thunder,Utah Jazz
08/12/2025,Sacramento Kings,Indiana Pacers
08/12/2025,Phoenix Suns,Minnesota Timberwolves
08/12/2025,San Antonio Spurs,New Orleans Pelicans
09/12/2025,Miami Heat,Orlando Magic
09/12/2025,New York Knicks,Toronto Raptors
10/12/2025,Phoenix Suns,Oklahoma City Thunder
10/12/2025,San Antonio Spurs,Los Angeles Lakers
11/12/2025,Los Angeles Clippers,Houston Rockets
11/12/2025,Boston Celtics,Milwaukee Bucks
11/12/2025,Portland Trail Blazers,New Orleans Pelicans
11/12/2025,Denver Nuggets,Sacramento Kings
12/12/2025,Chicago Bulls,Charlotte Hornets
12/12/2025,Atlanta Hawks,Detroit Pistons
12/12/2025,Indiana Pacers,Philadelphia 76ers
12/12/2025,Cleveland Cavaliers,Washington Wizards
12/12/2025,Utah Jazz,Memphis Grizzlies
12/12/2025,Brooklyn Nets,Dallas Mavericks
12/12/2025,Minnesota Timberwolves,Golden State Warriors
13/12/2025,New York Knicks,Orlando Magic
13/12/2025,San Antonio Spurs,Oklahoma City Thunder
14/12/2025,Washington Wizards,Indiana Pacers
14/12/2025,Charlotte Hornets,Cleveland Cavaliers
14/12/2025,Philadelphia 76ers,Atlanta Hawks
14/12/2025,Milwaukee Bucks,Brooklyn Nets
14/12/2025,New Orleans Pelicans,Chicago Bulls
14/12/2025,Sacramento Kings,Minnesota Timberwolves
14/12/2025,Los Angeles Lakers,Phoenix Suns
14/12/2025,Golden State Warriors,Portland Trail Blazers
15/12/2025,Detroit Pistons,Boston Celtics
15/12/2025,Toronto Raptors,Miami Heat
15/12/2025,Dallas Mavericks,Utah Jazz
15/12/2025,Houston Rockets,Denver Nuggets
15/12/2025,Memphis Grizzlies,Los Angeles Clippers
17/12/2025,Cleveland Cavaliers,Chicago Bulls
17/12/2025,Memphis Grizzlies,Minnesota Timberwolves
18/12/2025,Atlanta Hawks,Charlotte Hornets
18/12/2025,New York Knicks,Indiana Pacers
18/12/2025,Miami Heat,Brooklyn Nets
18/12/2025,Toronto Raptors,Milwaukee Bucks
18/12/2025,Houston Rockets,New Orleans Pelicans
18/12/2025,Los Angeles Clippers,Oklahoma City Thunder
18/12/2025,Washington Wizards,San Antonio Spurs
18/12/2025,Detroit Pistons,Dallas Mavericks
18/12/2025,Orlando Magic,Denver Nuggets
18/12/2025,Golden State Warriors,Phoenix Suns
18/12/2025,Los Angeles Lakers,Utah Jazz
18/12/2025,Sacramento Kings,Portland Trail Blazers
19/12/2025,Miami Heat,Boston Celtics
19/12/2025,Philadelphia 76ers,New York Knicks
19/12/2025,San Antonio Spurs,Atlanta Hawks
19/12/2025,Chicago Bulls,Cleveland Cavaliers
19/12/2025,Oklahoma City Thunder,Minnesota Timberwolves
20/12/2025,Houston Rockets,Denver Nuggets
20/12/2025,Indiana Pacers,New Orleans Pelicans
20/12/2025,Dallas Mavericks,Philadelphia 76ers
20/12/2025,Boston Celtics,Toronto Raptors
20/12/2025,Charlotte Hornets,Detroit Pistons
20/12/2025,Washington Wizards,Memphis Grizzlies
20/12/2025,Phoenix Suns,Golden State Warriors
20/12/2025,Orlando Magic,Utah Jazz
20/12/2025,Portland Trail Blazers,Sacramento Kings
20/12/2025,Los Angeles Lakers,Los Angeles Clippers
21/12/2025,Chicago Bulls,Atlanta Hawks
21/12/2025,Toronto Raptors,Brooklyn Nets
21/12/2025,Miami Heat,New York Knicks
21/12/2025,Milwaukee Bucks,Minnesota Timberwolves
21/12/2025,San Antonio Spurs,Washington Wizards
21/12/2025,Houston Rockets,Sacramento Kings
22/12/2025,Charlotte Hornets,Cleveland Cavaliers
22/12/2025,Indiana Pacers,Boston Celtics
22/12/2025,Dallas Mavericks,New Orleans Pelicans
22/12/2025,Utah Jazz,Denver Nuggets
22/12/2025,Memphis Grizzlies,Oklahoma City Thunder
22/12/2025,Orlando Magic,Golden State Warriors
22/12/2025,Detroit Pistons,Portland Trail Blazers
23/12/2025,Washington Wizards,Charlotte Hornets
23/12/2025,Brooklyn Nets,Philadelphia 76ers
23/12/2025,Chicago Bulls,Atlanta Hawks
23/12/2025,New Orleans Pelicans,Cleveland Cavaliers
23/12/2025,Milwaukee Bucks,Indiana Pacers
23/12/2025,Toronto Raptors,Miami Heat
23/12/2025,Denver Nuggets,Dallas Mavericks
23/12/2025,New York Knicks,Minnesota Timberwolves
23/12/2025,Oklahoma City Thunder,San Antonio Spurs
23/12/2025,Los Angeles Lakers,Phoenix Suns
23/12/2025,Memphis Grizzlies,Utah Jazz
23/12/2025,Orlando Magic,Portland Trail Blazers
23/12/2025,Detroit Pistons,Sacramento Kings
23/12/2025,Houston Rockets,Los Angeles Clippers
25/12/2025,Cleveland Cavaliers,New York Knicks
25/12/2025,San Antonio Spurs,Oklahoma City Thunder
25/12/2025,Dallas Mavericks,Golden State Warriors
25/12/2025,Houston Rockets,Los Angeles Lakers
25/12/2025,Minnesota Timberwolves,Denver Nuggets
26/12/2025,Miami Heat,Atlanta Hawks
26/12/2025,Boston Celtics,Indiana Pacers
26/12/2025,Charlotte Hornets,Orlando Magic
26/12/2025,Toronto Raptors,Washington Wizards
26/12/2025,Philadelphia 76ers,Chicago Bulls
26/12/2025,Milwaukee Bucks,Memphis Grizzlies
26/12/2025,Phoenix Suns,New Orleans Pelicans
26/12/2025,Detroit Pistons,Utah Jazz
26/12/2025,Los Angeles Clippers,Portland Trail Blazers
27/12/2025,Dallas Mavericks,Sacramento Kings
27/12/2025,Phoenix Suns,New Orleans Pelicans
27/12/2025,Denver Nuggets,Orlando Magic
27/12/2025,New York Knicks,Atlanta Hawks
27/12/2025,Milwaukee Bucks,Chicago Bulls
27/12/2025,Cleveland Cavaliers,Houston Rockets
27/12/2025,Indiana Pacers,Miami Heat
27/12/2025,Brooklyn Nets,Minnesota Timberwolves
27/12/2025,Utah Jazz,San Antonio Spurs
28/12/2025,Philadelphia 76ers,Oklahoma City Thunder
28/12/2025,Golden State Warriors,Toronto Raptors
28/12/2025,Boston Celtics,Portland Trail Blazers
28/12/2025,Memphis Grizzlies,Washington Wizards
28/12/2025,Detroit Pistons,Los Angeles Clippers
28/12/2025,Sacramento Kings,Los Angeles Lakers
29/12/2025,Milwaukee Bucks,Charlotte Hornets
29/12/2025,Phoenix Suns,Washington Wizards
29/12/2025,Golden State Warriors,Brooklyn Nets
29/12/2025,Denver Nuggets,Miami Heat
29/12/2025,Orlando Magic,Toronto Raptors
29/12/2025,Minnesota Timberwolves,Chicago Bulls
29/12/2025,Indiana Pacers,Houston Rockets
29/12/2025,New York Knicks,New Orleans Pelicans
29/12/2025,Atlanta Hawks,Oklahoma City Thunder
29/12/2025,Cleveland Cavaliers,San Antonio Spurs
29/12/2025,Dallas Mavericks,Portland Trail Blazers
30/12/2025,Philadelphia 76ers,Memphis Grizzlies
30/12/2025,Boston Celtics,Utah Jazz
30/12/2025,Detroit Pistons,Los Angeles Lakers
30/12/2025,Sacramento Kings,Los Angeles Clippers
31/12/2025,Golden State Warriors,Charlotte Hornets
31/12/2025,Minnesota Timberwolves,Atlanta Hawks
31/12/2025,Orlando Magic,Indiana Pacers
31/12/2025,Phoenix Suns,Cleveland Cavaliers
31/12/2025,New Orleans Pelicans,Chicago Bulls
31/12/2025,New York Knicks,San Antonio Spurs
31/12/2025,Denver Nuggets,Toronto Raptors
31/12/2025,Washington Wizards,Milwaukee Bucks
31/12/2025,Portland Trail Blazers,Oklahoma City Thunder
01/01/2026,Houston Rockets,Brooklyn Nets
01/01/2026,Miami Heat,Detroit Pistons
01/01/2026,Philadelphia 76ers,Dallas Mavericks
01/01/2026,Boston Celtics,Sacramento Kings
01/01/2026,Utah Jazz,Los Angeles Clippers
02/01/2026,San Antonio Spurs,Indiana Pacers
02/01/2026,Brooklyn Nets,Washington Wizards
02/01/2026,Denver Nuggets,Cleveland Cavaliers
02/01/2026,Atlanta Hawks,New York Knicks
02/01/2026,Orlando Magic,Chicago Bulls
02/01/2026,Charlotte Hornets,Milwaukee Bucks
02/01/2026,Portland Trail Blazers,New Orleans Pelicans
02/01/2026,Sacramento Kings,Phoenix Suns
02/01/2026,Oklahoma City Thunder,Golden State Warriors
02/01/2026,Memphis Grizzlies,Los Angeles Lakers
03/01/2026,Minnesota Timberwolves,Miami Heat
03/01/2026,Philadelphia 76ers,New York Knicks
03/01/2026,Atlanta Hawks,Toronto Raptors
03/01/2026,Charlotte Hornets,Chicago Bulls
03/01/2026,Portland Trail Blazers,San Antonio Spurs
03/01/2026,Houston Rockets,Dallas Mavericks
03/01/2026,Utah Jazz,Golden State Warriors
03/01/2026,Boston Celtics,Los Angeles Clippers
04/01/2026,Detroit Pistons,Cleveland Cavaliers
04/01/2026,Indiana Pacers,Orlando Magic
04/01/2026,Denver Nuggets,Brooklyn Nets
04/01/2026,New Orleans Pelicans,Miami Heat
04/01/2026,Minnesota Timberwolves,Washington Wizards
04/01/2026,Oklahoma City Thunder,Phoenix Suns
04/01/2026,Milwaukee Bucks,Sacramento Kings
04/01/2026,Memphis Grizzlies,Los Angeles Lakers
05/01/2026,New York Knicks,Detroit Pistons
05/01/2026,Chicago Bulls,Boston Celtics
05/01/2026,Atlanta Hawks,Toronto Raptors
05/01/2026,Phoenix Suns,Houston Rockets
05/01/2026,Charlotte Hornets,Oklahoma City Thunder
05/01/2026,Denver Nuggets,Philadelphia 76ers
05/01/2026,Golden State Warriors,Los Angeles Clippers
05/01/2026,Utah Jazz,Portland Trail Blazers
06/01/2026,Cleveland Cavaliers,Indiana Pacers
06/01/2026,Orlando Magic,Washington Wizards
06/01/2026,San Antonio Spurs,Memphis Grizzlies
06/01/2026,Miami Heat,Minnesota Timberwolves
06/01/2026,Los Angeles Lakers,New Orleans Pelicans
06/01/2026,Dallas Mavericks,Sacramento Kings
07/01/2026,Toronto Raptors,Charlotte Hornets
07/01/2026,Chicago Bulls,Detroit Pistons
07/01/2026,Washington Wizards,Philadelphia 76ers
07/01/2026,New Orleans Pelicans,Atlanta Hawks
07/01/2026,Denver Nuggets,Boston Celtics
07/01/2026,Orlando Magic,Brooklyn Nets
07/01/2026,Los Angeles Clippers,New York Knicks
07/01/2026,Los Angeles Lakers,San Antonio Spurs
07/01/2026,Phoenix Suns,Memphis Grizzlies
07/01/2026,Utah Jazz,Oklahoma City Thunder
07/01/2026,Milwaukee Bucks,Golden State Warriors
07/01/2026,Houston Rockets,Portland Trail Blazers
08/01/2026,Indiana Pacers,Charlotte Hornets
08/01/2026,Miami Heat,Chicago Bulls
08/01/2026,Cleveland Cavaliers,Minnesota Timberwolves
08/01/2026,Dallas Mavericks,Utah Jazz
09/01/2026,Toronto Raptors,Boston Celtics
09/01/2026,Philadelphia 76ers,Orlando Magic
09/01/2026,New Orleans Pelicans,Washington Wizards
09/01/2026,Los Angeles Clippers,Brooklyn Nets
09/01/2026,Oklahoma City Thunder,Memphis Grizzlies
09/01/2026,Atlanta Hawks,Denver Nuggets
09/01/2026,New York Knicks,Phoenix Suns
09/01/2026,Sacramento Kings,Golden State Warriors
09/01/2026,Houston Rockets,Portland Trail Blazers
09/01/2026,Milwaukee Bucks,Los Angeles Lakers
10/01/2026,Minnesota Timberwolves,Cleveland Cavaliers
10/01/2026,Miami Heat,Indiana Pacers
10/01/2026,Los Angeles Clippers,Detroit Pistons
10/01/2026,San Antonio Spurs,Boston Celtics
10/01/2026,Dallas Mavericks,Chicago Bulls
10/01/2026,Charlotte Hornets,Utah Jazz
11/01/2026,New Orleans Pelicans,Orlando Magic
11/01/2026,Brooklyn Nets,Memphis Grizzlies
11/01/2026,New York Knicks,Portland Trail Blazers
11/01/2026,Philadelphia 76ers,Toronto Raptors
11/01/2026,San Antonio Spurs,Minnesota Timberwolves
11/01/2026,Miami Heat,Oklahoma City Thunder
11/01/2026,Milwaukee Bucks,Denver Nuggets
11/01/2026,Washington Wizards,Phoenix Suns
11/01/2026,Atlanta Hawks,Golden State Warriors
11/01/2026,Houston Rockets,Sacramento Kings
12/01/2026,Utah Jazz,Cleveland Cavaliers
12/01/2026,Boston Celtics,Indiana Pacers
12/01/2026,Philadelphia 76ers,Toronto Raptors
12/01/2026,Brooklyn Nets,Dallas Mavericks
12/01/2026,Los Angeles Lakers,Sacramento Kings
12/01/2026,Charlotte Hornets,Los Angeles Clippers
13/01/2026,Phoenix Suns,Miami Heat
13/01/2026,Chicago Bulls,Houston Rockets
13/01/2026,Minnesota Timberwolves,Milwaukee Bucks
13/01/2026,Denver Nuggets,New Orleans Pelicans
13/01/2026,San Antonio Spurs,Oklahoma City Thunder
13/01/2026,Atlanta Hawks,Los Angeles Lakers
13/01/2026,Portland Trail Blazers,Golden State Warriors
14/01/2026,Toronto Raptors,Indiana Pacers
14/01/2026,Cleveland Cavaliers,Philadelphia 76ers
14/01/2026,Utah Jazz,Chicago Bulls
14/01/2026,Brooklyn Nets,New Orleans Pelicans
14/01/2026,Denver Nuggets,Dallas Mavericks
14/01/2026,New York Knicks,Sacramento Kings
14/01/2026,Washington Wizards,Los Angeles Clippers
15/01/2026,Memphis Grizzlies,Orlando Magic
15/01/2026,Phoenix Suns,Detroit Pistons
15/01/2026,Oklahoma City Thunder,Houston Rockets
15/01/2026,Boston Celtics,Miami Heat
15/01/2026,Milwaukee Bucks,San Antonio Spurs
15/01/2026,Utah Jazz,Dallas Mavericks
15/01/2026,New York Knicks,Golden State Warriors
15/01/2026,Atlanta Hawks,Portland Trail Blazers
15/01/2026,Charlotte Hornets,Los Angeles Lakers
16/01/2026,Chicago Bulls,Brooklyn Nets
16/01/2026,New Orleans Pelicans,Indiana Pacers
16/01/2026,Cleveland Cavaliers,Philadelphia 76ers
16/01/2026,Los Angeles Clippers,Toronto Raptors
16/01/2026,Minnesota Timberwolves,Houston Rockets
16/01/2026,Washington Wizards,Sacramento Kings
17/01/2026,Utah Jazz,Dallas Mavericks
17/01/2026,Boston Celtics,Atlanta Hawks
17/01/2026,Indiana Pacers,Detroit Pistons
17/01/2026,Phoenix Suns,New York Knicks
17/01/2026,Oklahoma City Thunder,Miami Heat
17/01/2026,Minnesota Timberwolves,San Antonio Spurs
17/01/2026,Charlotte Hornets,Golden State Warriors
17/01/2026,Washington Wizards,Denver Nuggets
17/01/2026,Los Angeles Lakers,Portland Trail Blazers
18/01/2026,Orlando Magic,Memphis Grizzlies
18/01/2026,Brooklyn Nets,Chicago Bulls
18/01/2026,New Orleans Pelicans,Houston Rockets
18/01/2026,Charlotte Hornets,Denver Nuggets
18/01/2026,Portland Trail Blazers,Sacramento Kings
18/01/2026,Toronto Raptors,Los Angeles Lakers
19/01/2026,Milwaukee Bucks,Atlanta Hawks
19/01/2026,Oklahoma City Thunder,Cleveland Cavaliers
19/01/2026,Los Angeles Clippers,Washington Wizards
19/01/2026,Dallas Mavericks,New York Knicks
19/01/2026,Utah Jazz,San Antonio Spurs
19/01/2026,Indiana Pacers,Philadelphia 76ers
19/01/2026,Phoenix Suns,Brooklyn Nets
19/01/2026,Boston Celtics,Detroit Pistons
19/01/2026,Miami Heat,Golden State Warriors
20/01/2026,Phoenix Suns,Philadelphia 76ers
20/01/2026,Los Angeles Clippers,Chicago Bulls
20/01/2026,San Antonio Spurs,Houston Rockets
20/01/2026,Minnesota Timberwolves,Utah Jazz
20/01/2026,Los Angeles Lakers,Denver Nuggets
20/01/2026,Toronto Raptors,Golden State Warriors
20/01/2026,Miami Heat,Sacramento Kings
21/01/2026,Cleveland Cavaliers,Charlotte Hornets
21/01/2026,Indiana Pacers,Boston Celtics
21/01/2026,Brooklyn Nets,New York Knicks
21/01/2026,Atlanta Hawks,Memphis Grizzlies
21/01/2026,Detroit Pistons,New Orleans Pelicans
21/01/2026,Oklahoma City Thunder,Milwaukee Bucks
21/01/2026,Toronto Raptors,Sacramento Kings
22/01/2026,Charlotte Hornets,Orlando Magic
22/01/2026,Houston Rockets,Philadelphia 76ers
22/01/2026,Denver Nuggets,Washington Wizards
22/01/2026,Golden State Warriors,Dallas Mavericks
22/01/2026,Chicago Bulls,Minnesota Timberwolves
22/01/2026,San Antonio Spurs,Utah Jazz
22/01/2026,Los Angeles Lakers,Los Angeles Clippers
22/01/2026,Miami Heat,Portland Trail Blazers
23/01/2026,Houston Rockets,Detroit Pistons
23/01/2026,Phoenix Suns,Atlanta Hawks
23/01/2026,Boston Celtics,Brooklyn Nets
23/01/2026,Sacramento Kings,Cleveland Cavaliers
23/01/2026,New Orleans Pelicans,Memphis Grizzlies
23/01/2026,Denver Nuggets,Milwaukee Bucks
23/01/2026,Indiana Pacers,Oklahoma City Thunder
23/01/2026,Toronto Raptors,Portland Trail Blazers
24/01/2026,New York Knicks,Philadelphia 76ers
24/01/2026,Golden State Warriors,Minnesota Timberwolves
24/01/2026,Washington Wizards,Charlotte Hornets
24/01/2026,Cleveland Cavaliers,Orlando Magic
24/01/2026,Boston Celtics,Chicago Bulls
24/01/2026,Los Angeles Lakers,Dallas Mavericks
24/01/2026,Miami Heat,Utah Jazz
25/01/2026,Sacramento Kings,Detroit Pistons
25/01/2026,Denver Nuggets,Memphis Grizzlies
25/01/2026,Dallas Mavericks,Milwaukee Bucks
25/01/2026,Toronto Raptors,Oklahoma City Thunder
25/01/2026,New Orleans Pelicans,San Antonio Spurs
25/01/2026,Miami Heat,Phoenix Suns
25/01/2026,Brooklyn Nets,Los Angeles Clippers
26/01/2026,Philadelphia 76ers,Charlotte Hornets
26/01/2026,Orlando Magic,Cleveland Cavaliers
26/01/2026,Indiana Pacers,Atlanta Hawks
26/01/2026,Portland Trail Blazers,Boston Celtics
26/01/2026,Los Angeles Lakers,Chicago Bulls
26/01/2026,Memphis Grizzlies,Houston Rockets
26/01/2026,Golden State Warriors,Minnesota Timberwolves
27/01/2026,Portland Trail Blazers,Washington Wizards
27/01/2026,Sacramento Kings,New York Knicks
27/01/2026,New Orleans Pelicans,Oklahoma City Thunder
27/01/2026,Milwaukee Bucks,Philadelphia 76ers
27/01/2026,Detroit Pistons,Denver Nuggets
27/01/2026,Brooklyn Nets,Phoenix Suns
27/01/2026,Los Angeles Clippers,Utah Jazz
28/01/2026,Los Angeles Lakers,Cleveland Cavaliers
28/01/2026,Chicago Bulls,Indiana Pacers
28/01/2026,Atlanta Hawks,Boston Celtics
28/01/2026,Orlando Magic,Miami Heat
28/01/2026,New York Knicks,Toronto Raptors
28/01/2026,Charlotte Hornets,Memphis Grizzlies
28/01/2026,Minnesota Timberwolves,Dallas Mavericks
28/01/2026,Golden State Warriors,Utah Jazz
28/01/2026,San Antonio Spurs,Houston Rockets
29/01/2026,Sacramento Kings,Philadelphia 76ers
29/01/2026,Milwaukee Bucks,Washington Wizards
29/01/2026,Houston Rockets,Atlanta Hawks
29/01/2026,Charlotte Hornets,Dallas Mavericks
29/01/2026,Brooklyn Nets,Denver Nuggets
29/01/2026,Detroit Pistons,Phoenix Suns
29/01/2026,Oklahoma City Thunder,Minnesota Timberwolves
30/01/2026,Toronto Raptors,Orlando Magic
30/01/2026,Los Angeles Lakers,Washington Wizards
30/01/2026,Sacramento Kings,Boston Celtics
30/01/2026,Memphis Grizzlies,New Orleans Pelicans
30/01/2026,Portland Trail Blazers,New York Knicks
30/01/2026,Chicago Bulls,Miami Heat
30/01/2026,Cleveland Cavaliers,Phoenix Suns
30/01/2026,Brooklyn Nets,Utah Jazz
30/01/2026,Los Angeles Clippers,Denver Nuggets
30/01/2026,Detroit Pistons,Golden State Warriors
31/01/2026,San Antonio Spurs,Charlotte Hornets
31/01/2026,Atlanta Hawks,Indiana Pacers
31/01/2026,New Orleans Pelicans,Philadelphia 76ers
31/01/2026,Minnesota Timberwolves,Memphis Grizzlies
31/01/2026,Dallas Mavericks,Houston Rockets
01/02/2026,Milwaukee Bucks,Boston Celtics
01/02/2026,Orlando Magic,San Antonio Spurs
01/02/2026,Brooklyn Nets,Detroit Pistons
01/02/2026,Chicago Bulls,Miami Heat
01/02/2026,Utah Jazz,Toronto Raptors
01/02/2026,Sacramento Kings,Washington Wizards
01/02/2026,Los Angeles Lakers,New York Knicks
01/02/2026,Los Angeles Clippers,Phoenix Suns
01/02/2026,Cleveland Cavaliers,Portland Trail Blazers
01/02/2026,Oklahoma City Thunder,Denver Nuggets
02/02/2026,New Orleans Pelicans,Charlotte Hornets
02/02/2026,Houston Rockets,Indiana Pacers
02/02/2026,Minnesota Timberwolves,Memphis Grizzlies
02/02/2026,Philadelphia 76ers,Los Angeles Clippers
03/02/2026,Denver Nuggets,Detroit Pistons
03/02/2026,Utah Jazz,Indiana Pacers
03/02/2026,New York Knicks,Washington Wizards
03/02/2026,Los Angeles Lakers,Brooklyn Nets
03/02/2026,Atlanta Hawks,Miami Heat
03/02/2026,Boston Celtics,Dallas Mavericks
03/02/2026,Chicago Bulls,Milwaukee Bucks
03/02/2026,Orlando Magic,Oklahoma City Thunder
03/02/2026,Philadelphia 76ers,Golden State Warriors
03/02/2026,Phoenix Suns,Portland Trail Blazers
04/02/2026,Denver Nuggets,New York Knicks
04/02/2026,Minnesota Timberwolves,Toronto Raptors
04/02/2026,Boston Celtics,Houston Rockets
04/02/2026,New Orleans Pelicans,Milwaukee Bucks
04/02/2026,Oklahoma City Thunder,San Antonio Spurs
04/02/2026,Memphis Grizzlies,Sacramento Kings
04/02/2026,Cleveland Cavaliers,Los Angeles Clippers
05/02/2026,Washington Wizards,Detroit Pistons
05/02/2026,Brooklyn Nets,Orlando Magic
05/02/2026,Utah Jazz,Atlanta Hawks
05/02/2026,Chicago Bulls,Toronto Raptors
05/02/2026,Charlotte Hornets,Houston Rockets
05/02/2026,San Antonio Spurs,Dallas Mavericks
05/02/2026,Golden State Warriors,Phoenix Suns
05/02/2026,Philadelphia 76ers,Los Angeles Lakers
06/02/2026,Miami Heat,Boston Celtics
06/02/2026,New York Knicks,Detroit Pistons
06/02/2026,Indiana Pacers,Milwaukee Bucks
06/02/2026,New Orleans Pelicans,Minnesota Timberwolves
06/02/2026,Memphis Grizzlies,Portland Trail Blazers
06/02/2026,Los Angeles Clippers,Sacramento Kings
07/02/2026,Washington Wizards,Brooklyn Nets
07/02/2026,Houston Rockets,Oklahoma City Thunder
07/02/2026,Dallas Mavericks,San Antonio Spurs
07/02/2026,Utah Jazz,Orlando Magic
07/02/2026,Charlotte Hornets,Atlanta Hawks
07/02/2026,Denver Nuggets,Chicago Bulls
07/02/2026,Golden State Warriors,Los Angeles Lakers
07/02/2026,Philadelphia 76ers,Phoenix Suns
07/02/2026,Memphis Grizzlies,Portland Trail Blazers
07/02/2026,Cleveland Cavaliers,Sacramento Kings
08/02/2026,New York Knicks,Boston Celtics
08/02/2026,Miami Heat,Washington Wizards
08/02/2026,Los Angeles Clippers,Minnesota Timberwolves
08/02/2026,Indiana Pacers,Toronto Raptors
09/02/2026,Detroit Pistons,Charlotte Hornets
09/02/2026,Chicago Bulls,Brooklyn Nets
09/02/2026,Utah Jazz,Miami Heat
09/02/2026,Milwaukee Bucks,Orlando Magic
09/02/2026,Atlanta Hawks,Minnesota Timberwolves
09/02/2026,Sacramento Kings,New Orleans Pelicans
09/02/2026,Cleveland Cavaliers,Denver Nuggets
09/02/2026,Memphis Grizzlies,Golden State Warriors
09/02/2026,Oklahoma City Thunder,Los Angeles Lakers
09/02/2026,Philadelphia 76ers,Portland Trail Blazers
10/02/2026,Indiana Pacers,New York Knicks
10/02/2026,Los Angeles Clippers,Houston Rockets
10/02/2026,Dallas Mavericks,Phoenix Suns
10/02/2026,San Antonio Spurs,Los Angeles Lakers
11/02/2026,Atlanta Hawks,Charlotte Hornets
11/02/2026,Washington Wizards,Cleveland Cavaliers
11/02/2026,Milwaukee Bucks,Orlando Magic
11/02/2026,Chicago Bulls,Boston Celtics
11/02/2026,Indiana Pacers,Brooklyn Nets
11/02/2026,New York Knicks,Philadelphia 76ers
11/02/2026,Detroit Pistons,Toronto Raptors
11/02/2026,Los Angeles Clippers,Houston Rockets
11/02/2026,Portland Trail Blazers,Minnesota Timberwolves
11/02/2026,Miami Heat,New Orleans Pelicans
11/02/2026,Oklahoma City Thunder,Phoenix Suns
11/02/2026,Sacramento Kings,Utah Jazz
11/02/2026,Memphis Grizzlies,Denver Nuggets
11/02/2026,San Antonio Spurs,Golden State Warriors
12/02/2026,Milwaukee Bucks,Oklahoma City Thunder
12/02/2026,Portland Trail Blazers,Utah Jazz
12/02/2026,Dallas Mavericks,Los Angeles Lakers
19/02/2026,Houston Rockets,Charlotte Hornets
19/02/2026,Brooklyn Nets,Cleveland Cavaliers
19/02/2026,Atlanta Hawks,Philadelphia 76ers
19/02/2026,Indiana Pacers,Washington Wizards
19/02/2026,Detroit Pistons,New York Knicks
19/02/2026,Toronto Raptors,Chicago Bulls
19/02/2026,Phoenix Suns,San Antonio Spurs
19/02/2026,Boston Celtics,Golden State Warriors
19/02/2026,Orlando Magic,Sacramento Kings
19/02/2026,Denver Nuggets,Los Angeles Clippers
20/02/2026,Cleveland Cavaliers,Charlotte Hornets
20/02/2026,Utah Jazz,Memphis Grizzlies
20/02/2026,Indiana Pacers,Washington Wizards
20/02/2026,Miami Heat,Atlanta Hawks
20/02/2026,Dallas Mavericks,Minnesota Timberwolves
20/02/2026,Milwaukee Bucks,New Orleans Pelicans
20/02/2026,Brooklyn Nets,Oklahoma City Thunder
20/02/2026,Los Angeles Clippers,Los Angeles Lakers
20/02/2026,Denver Nuggets,Portland Trail Blazers
21/02/2026,Orlando Magic,Phoenix Suns
21/02/2026,Philadelphia 76ers,New Orleans Pelicans
21/02/2026,Detroit Pistons,Chicago Bulls
21/02/2026,Memphis Grizzlies,Miami Heat
21/02/2026,Sacramento Kings,San Antonio Spurs
21/02/2026,Houston Rockets,New York Knicks
22/02/2026,Cleveland Cavaliers,Oklahoma City Thunder
22/02/2026,Brooklyn Nets,Atlanta Hawks
22/02/2026,Denver Nuggets,Golden State Warriors
22/02/2026,Toronto Raptors,Milwaukee Bucks
22/02/2026,Dallas Mavericks,Indiana Pacers
22/02/2026,Charlotte Hornets,Washington Wizards
22/02/2026,Boston Celtics,Los Angeles Lakers
22/02/2026,Philadelphia 76ers,Minnesota Timberwolves
22/02/2026,New York Knicks,Chicago Bulls
22/02/2026,Portland Trail Blazers,Phoenix Suns
22/02/2026,Orlando Magic,Los Angeles Clippers
23/02/2026,San Antonio Spurs,Detroit Pistons
23/02/2026,Sacramento Kings,Memphis Grizzlies
23/02/2026,Utah Jazz,Houston Rockets
24/02/2026,Philadelphia 76ers,Indiana Pacers
24/02/2026,Washington Wizards,Atlanta Hawks
24/02/2026,Dallas Mavericks,Brooklyn Nets
24/02/2026,Oklahoma City Thunder,Toronto Raptors
24/02/2026,Charlotte Hornets,Chicago Bulls
24/02/2026,New York Knicks,Cleveland Cavaliers
24/02/2026,Miami Heat,Milwaukee Bucks
24/02/2026,Golden State Warriors,New Orleans Pelicans
24/02/2026,Boston Celtics,Phoenix Suns
24/02/2026,Orlando Magic,Los Angeles Lakers
24/02/2026,Minnesota Timberwolves,Portland Trail Blazers
25/02/2026,Oklahoma City Thunder,Detroit Pistons
25/02/2026,Golden State Warriors,Memphis Grizzlies
25/02/2026,San Antonio Spurs,Toronto Raptors
25/02/2026,Sacramento Kings,Houston Rockets
25/02/2026,Cleveland Cavaliers,Milwaukee Bucks
25/02/2026,Boston Celtics,Denver Nuggets
26/02/2026,Charlotte Hornets,Indiana Pacers
26/02/2026,Miami Heat,Philadelphia 76ers
26/02/2026,Washington Wizards,Atlanta Hawks
26/02/2026,San Antonio Spurs,Brooklyn Nets
26/02/2026,Houston Rockets,Orlando Magic
26/02/2026,Portland Trail Blazers,Chicago Bulls
26/02/2026,Sacramento Kings,Dallas Mavericks
26/02/2026,Los Angeles Lakers,Phoenix Suns
26/02/2026,New Orleans Pelicans,Utah Jazz
26/02/2026,Minnesota Timberwolves,Los Angeles Clippers
27/02/2026,Cleveland Cavaliers,Detroit Pistons
27/02/2026,Brooklyn Nets,Boston Celtics
27/02/2026,New York Knicks,Milwaukee Bucks
27/02/2026,Memphis Grizzlies,Dallas Mavericks
27/02/2026,Denver Nuggets,Oklahoma City Thunder
28/02/2026,Portland Trail Blazers,Charlotte Hornets
28/02/2026,Houston Rockets,Miami Heat
28/02/2026,Toronto Raptors,Washington Wizards
28/02/2026,Los Angeles Lakers,Golden State Warriors
28/02/2026,New Orleans Pelicans,Utah Jazz
01/03/2026,San Antonio Spurs,New York Knicks
01/03/2026,Cleveland Cavaliers,Brooklyn Nets
01/03/2026,Milwaukee Bucks,Chicago Bulls
01/03/2026,Minnesota Timberwolves,Denver Nuggets
01/03/2026,Memphis Grizzlies,Indiana Pacers
01/03/2026,Portland Trail Blazers,Atlanta Hawks
01/03/2026,Philadelphia 76ers,Boston Celtics
01/03/2026,Detroit Pistons,Orlando Magic
01/03/2026,Oklahoma City Thunder,Dallas Mavericks
01/03/2026,New Orleans Pelicans,Los Angeles Clippers
01/03/2026,Sacramento Kings,Los Angeles Lakers
02/03/2026,Houston Rockets,Washington Wizards
02/03/2026,Boston Celtics,Milwaukee Bucks
02/03/2026,Denver Nuggets,Utah Jazz
02/03/2026,Los Angeles Clippers,Golden State Warriors
03/03/2026,Dallas Mavericks,Charlotte Hornets
03/03/2026,Detroit Pistons,Cleveland Cavaliers
03/03/2026,Washington Wizards,Orlando Magic
03/03/2026,Brooklyn Nets,Miami Heat
03/03/2026,New York Knicks,Toronto Raptors
03/03/2026,Oklahoma City Thunder,Chicago Bulls
03/03/2026,Memphis Grizzlies,Minnesota Timberwolves
03/03/2026,San Antonio Spurs,Philadelphia 76ers
03/03/2026,New Orleans Pelicans,Los Angeles Lakers
03/03/2026,Phoenix Suns,Sacramento Kings
04/03/2026,Oklahoma City Thunder,New York Knicks
04/03/2026,Charlotte Hornets,Boston Celtics
04/03/2026,Utah Jazz,Philadelphia 76ers
04/03/2026,Portland Trail Blazers,Memphis Grizzlies
04/03/2026,Atlanta Hawks,Milwaukee Bucks
04/03/2026,Indiana Pacers,Los Angeles Clippers
05/03/2026,Dallas Mavericks,Orlando Magic
05/03/2026,Utah Jazz,Washington Wizards
05/03/2026,Golden State Warriors,Houston Rockets
05/03/2026,Brooklyn Nets,Miami Heat
05/03/2026,Toronto Raptors,Minnesota Timberwolves
05/03/2026,Detroit Pistons,San Antonio Spurs
05/03/2026,Chicago Bulls,Phoenix Suns
05/03/2026,Los Angeles Lakers,Denver Nuggets
05/03/2026,New Orleans Pelicans,Sacramento Kings
06/03/2026,Dallas Mavericks,Boston Celtics
06/03/2026,Miami Heat,Charlotte Hornets
06/03/2026,Portland Trail Blazers,Houston Rockets
06/03/2026,New York Knicks,Denver Nuggets
06/03/2026,New Orleans Pelicans,Phoenix Suns
06/03/2026,Los Angeles Clippers,San Antonio Spurs
06/03/2026,Indiana Pacers,Los Angeles Lakers
07/03/2026,Orlando Magic,Minnesota Timberwolves
07/03/2026,Brooklyn Nets,Detroit Pistons
07/03/2026,Philadelphia 76ers,Atlanta Hawks
07/03/2026,Los Angeles Clippers,Memphis Grizzlies
07/03/2026,Utah Jazz,Milwaukee Bucks
07/03/2026,Golden State Warriors,Oklahoma City Thunder
08/03/2026,Boston Celtics,Cleveland Cavaliers
08/03/2026,New York Knicks,Los Angeles Lakers
08/03/2026,Detroit Pistons,Miami Heat
08/03/2026,Dallas Mavericks,Toronto Raptors
08/03/2026,Washington Wizards,New Orleans Pelicans
08/03/2026,Orlando Magic,Milwaukee Bucks
08/03/2026,Houston Rockets,San Antonio Spurs
08/03/2026,Charlotte Hornets,Phoenix Suns
08/03/2026,Indiana Pacers,Portland Trail Blazers
08/03/2026,Chicago Bulls,Sacramento Kings
09/03/2026,Philadelphia 76ers,Cleveland Cavaliers
09/03/2026,Memphis Grizzlies,Brooklyn Nets
09/03/2026,Denver Nuggets,Oklahoma City Thunder
09/03/2026,Golden State Warriors,Utah Jazz
09/03/2026,New York Knicks,Los Angeles Clippers
10/03/2026,Memphis Grizzlies,Philadelphia 76ers
10/03/2026,Detroit Pistons,Brooklyn Nets
10/03/2026,Washington Wizards,Miami Heat
10/03/2026,Dallas Mavericks,Atlanta Hawks
10/03/2026,Toronto Raptors,Houston Rockets
10/03/2026,Phoenix Suns,Milwaukee Bucks
10/03/2026,Boston Celtics,San Antonio Spurs
10/03/2026,Chicago Bulls,Golden State Warriors
10/03/2026,Charlotte Hornets,Portland Trail Blazers
10/03/2026,Indiana Pacers,Sacramento Kings
10/03/2026,Minnesota Timberwolves,Los Angeles Lakers
11/03/2026,Cleveland Cavaliers,Orlando Magic
11/03/2026,Toronto Raptors,New Orleans Pelicans
11/03/2026,New York Knicks,Utah Jazz
11/03/2026,Houston Rockets,Denver Nuggets
11/03/2026,Charlotte Hornets,Sacramento Kings
11/03/2026,Minnesota Timberwolves,Los Angeles Clippers
12/03/2026,Philadelphia 76ers,Detroit Pistons
12/03/2026,Phoenix Suns,Indiana Pacers
12/03/2026,Washington Wizards,Orlando Magic
12/03/2026,Brooklyn Nets,Atlanta Hawks
12/03/2026,Milwaukee Bucks,Miami Heat
12/03/2026,Denver Nuggets,San Antonio Spurs
12/03/2026,Boston Celtics,Oklahoma City Thunder
12/03/2026,Chicago Bulls,Los Angeles Lakers
13/03/2026,Memphis Grizzlies,Detroit Pistons
13/03/2026,New York Knicks,Indiana Pacers
13/03/2026,Phoenix Suns,Toronto Raptors
13/03/2026,New Orleans Pelicans,Houston Rockets
13/03/2026,Cleveland Cavaliers,Dallas Mavericks
13/03/2026,Minnesota Timberwolves,Golden State Warriors
13/03/2026,Utah Jazz,Portland Trail Blazers
13/03/2026,Chicago Bulls,Los Angeles Clippers
14/03/2026,Brooklyn Nets,Philadelphia 76ers
14/03/2026,Milwaukee Bucks,Atlanta Hawks
14/03/2026,Washington Wizards,Boston Celtics
14/03/2026,Orlando Magic,Miami Heat
14/03/2026,Charlotte Hornets,San Antonio Spurs
14/03/2026,Denver Nuggets,Los Angeles Lakers
14/03/2026,Sacramento Kings,Los Angeles Clippers
15/03/2026,Minnesota Timberwolves,Oklahoma City Thunder
15/03/2026,Dallas Mavericks,Cleveland Cavaliers
15/03/2026,Indiana Pacers,Milwaukee Bucks
15/03/2026,Detroit Pistons,Toronto Raptors
15/03/2026,Portland Trail Blazers,Philadelphia 76ers
15/03/2026,Golden State Warriors,New York Knicks
15/03/2026,Utah Jazz,Sacramento Kings
16/03/2026,Orlando Magic,Atlanta Hawks
16/03/2026,Golden State Warriors,Washington Wizards
16/03/2026,Portland Trail Blazers,Brooklyn Nets
16/03/2026,Phoenix Suns,Boston Celtics
16/03/2026,Memphis Grizzlies,Chicago Bulls
16/03/2026,Dallas Mavericks,New Orleans Pelicans
16/03/2026,Los Angeles Lakers,Houston Rockets
16/03/2026,San Antonio Spurs,Los Angeles Clippers
17/03/2026,Miami Heat,Charlotte Hornets
17/03/2026,Oklahoma City Thunder,Orlando Magic
17/03/2026,Detroit Pistons,Washington Wizards
17/03/2026,Indiana Pacers,New York Knicks
17/03/2026,Cleveland Cavaliers,Milwaukee Bucks
17/03/2026,Phoenix Suns,Minnesota Timberwolves
17/03/2026,Philadelphia 76ers,Denver Nuggets
17/03/2026,San Antonio Spurs,Sacramento Kings
18/03/2026,Golden State Warriors,Boston Celtics
18/03/2026,Oklahoma City Thunder,Brooklyn Nets
18/03/2026,Portland Trail Blazers,Indiana Pacers
18/03/2026,Toronto Raptors,Chicago Bulls
18/03/2026,New York Knicks,Memphis Grizzlies
18/03/2026,Utah Jazz,Minnesota Timberwolves
18/03/2026,Los Angeles Clippers,New Orleans Pelicans
18/03/2026,Atlanta Hawks,Dallas Mavericks
18/03/2026,Los Angeles Lakers,Houston Rockets
19/03/2026,Orlando Magic,Charlotte Hornets
19/03/2026,Detroit Pistons,Washington Wizards
19/03/2026,Cleveland Cavaliers,Chicago Bulls
19/03/2026,Los Angeles Lakers,Miami Heat
19/03/2026,Los Angeles Clippers,New Orleans Pelicans
19/03/2026,Phoenix Suns,San Antonio Spurs
19/03/2026,Milwaukee Bucks,Utah Jazz
19/03/2026,Philadelphia 76ers,Sacramento Kings
20/03/2026,New York Knicks,Brooklyn Nets
20/03/2026,Golden State Warriors,Detroit Pistons
20/03/2026,Atlanta Hawks,Houston Rockets
20/03/2026,Boston Celtics,Memphis Grizzlies
20/03/2026,Portland Trail Blazers,Minnesota Timberwolves
20/03/2026,Toronto Raptors,Denver Nuggets
21/03/2026,Oklahoma City Thunder,Washington Wizards
21/03/2026,Memphis Grizzlies,Charlotte Hornets
21/03/2026,Cleveland Cavaliers,New Orleans Pelicans
21/03/2026,Los Angeles Lakers,Orlando Magic
21/03/2026,Golden State Warriors,Atlanta Hawks
21/03/2026,Miami Heat,Houston Rockets
21/03/2026,Indiana Pacers,San Antonio Spurs
21/03/2026,Los Angeles Clippers,Dallas Mavericks
21/03/2026,Philadelphia 76ers,Utah Jazz
21/03/2026,Milwaukee Bucks,Phoenix Suns
22/03/2026,Portland Trail Blazers,Denver Nuggets
22/03/2026,Brooklyn Nets,Sacramento Kings
22/03/2026,Washington Wizards,New York Knicks
22/03/2026,Minnesota Timberwolves,Boston Celtics
22/03/2026,Toronto Raptors,Phoenix Suns
23/03/2026,Memphis Grizzlies,Atlanta Hawks
23/03/2026,Los Angeles Lakers,Detroit Pistons
23/03/2026,Indiana Pacers,Orlando Magic
23/03/2026,Oklahoma City Thunder,Philadelphia 76ers
23/03/2026,San Antonio Spurs,Miami Heat
23/03/2026,Houston Rockets,Chicago Bulls
23/03/2026,Toronto Raptors,Utah Jazz
23/03/2026,Golden State Warriors,Dallas Mavericks
23/03/2026,Brooklyn Nets,Portland Trail Blazers
23/03/2026,Milwaukee Bucks,Los Angeles Clippers
24/03/2026,Sacramento Kings,Charlotte Hornets
24/03/2026,New Orleans Pelicans,New York Knicks
24/03/2026,Orlando Magic,Cleveland Cavaliers
24/03/2026,Denver Nuggets,Phoenix Suns
25/03/2026,Atlanta Hawks,Detroit Pistons
25/03/2026,Los Angeles Lakers,Indiana Pacers
25/03/2026,Chicago Bulls,Philadelphia 76ers
25/03/2026,Oklahoma City Thunder,Boston Celtics
25/03/2026,Miami Heat,Cleveland Cavaliers
25/03/2026,San Antonio Spurs,Memphis Grizzlies
25/03/2026,Washington Wizards,Utah Jazz
25/03/2026,Houston Rockets,Minnesota Timberwolves
25/03/2026,Dallas Mavericks,Denver Nuggets
25/03/2026,Brooklyn Nets,Golden State Warriors
25/03/2026,Milwaukee Bucks,Portland Trail Blazers
25/03/2026,Toronto Raptors,Los Angeles Clippers
26/03/2026,New York Knicks,Charlotte Hornets
26/03/2026,New Orleans Pelicans,Detroit Pistons
26/03/2026,Sacramento Kings,Orlando Magic
27/03/2026,Los Angeles Clippers,Indiana Pacers
27/03/2026,Atlanta Hawks,Boston Celtics
27/03/2026,Miami Heat,Cleveland Cavaliers
27/03/2026,Houston Rockets,Memphis Grizzlies
27/03/2026,Chicago Bulls,Oklahoma City Thunder
27/03/2026,New Orleans Pelicans,Toronto Raptors
27/03/2026,Utah Jazz,Denver Nuggets
27/03/2026,Washington Wizards,Golden State Warriors
27/03/2026,Dallas Mavericks,Portland Trail Blazers
27/03/2026,Brooklyn Nets,Los Angeles Lakers
28/03/2026,San Antonio Spurs,Milwaukee Bucks
28/03/2026,Philadelphia 76ers,Charlotte Hornets
28/03/2026,Sacramento Kings,Atlanta Hawks
28/03/2026,Chicago Bulls,Memphis Grizzlies
28/03/2026,Detroit Pistons,Minnesota Timberwolves
28/03/2026,Utah Jazz,Phoenix Suns
29/03/2026,Los Angeles Clippers,Milwaukee Bucks
29/03/2026,Miami Heat,Indiana Pacers
29/03/2026,Sacramento Kings,Brooklyn Nets
29/03/2026,Boston Celtics,Charlotte Hornets
29/03/2026,Washington Wizards,Portland Trail Blazers
29/03/2026,Orlando Magic,Toronto Raptors
29/03/2026,Houston Rockets,New Orleans Pelicans
29/03/2026,New York Knicks,Oklahoma City Thunder
29/03/2026,Golden State Warriors,Denver Nuggets
30/03/2026,Philadelphia 76ers,Miami Heat
30/03/2026,Boston Celtics,Atlanta Hawks
30/03/2026,Phoenix Suns,Memphis Grizzlies
30/03/2026,Chicago Bulls,San Antonio Spurs
30/03/2026,Minnesota Timberwolves,Dallas Mavericks
30/03/2026,Cleveland Cavaliers,Utah Jazz
30/03/2026,Detroit Pistons,Oklahoma City Thunder
30/03/2026,Washington Wizards,Los Angeles Lakers
31/03/2026,Phoenix Suns,Orlando Magic
31/03/2026,Charlotte Hornets,Brooklyn Nets
31/03/2026,Toronto Raptors,Detroit Pistons
31/03/2026,New York Knicks,Houston Rockets
31/03/2026,Cleveland Cavaliers,Los Angeles Lakers
31/03/2026,Portland Trail Blazers,Los Angeles Clippers
01/04/2026,Philadelphia 76ers,Washington Wizards
01/04/2026,Boston Celtics,Miami Heat
01/04/2026,Atlanta Hawks,Orlando Magic
01/04/2026,Indiana Pacers,Chicago Bulls
01/04/2026,Milwaukee Bucks,Houston Rockets
01/04/2026,Dallas Mavericks,Memphis Grizzlies
01/04/2026,Sacramento Kings,Toronto Raptors
01/04/2026,Denver Nuggets,Utah Jazz
01/04/2026,San Antonio Spurs,Golden State Warriors
02/04/2026,Phoenix Suns,Charlotte Hornets
02/04/2026,Minnesota Timberwolves,Detroit Pistons
02/04/2026,Los Angeles Lakers,Oklahoma City Thunder
02/04/2026,Cleveland Cavaliers,Golden State Warriors
02/04/2026,New Orleans Pelicans,Portland Trail Blazers
02/04/2026,San Antonio Spurs,Los Angeles Clippers
03/04/2026,Indiana Pacers,Charlotte Hornets
03/04/2026,Minnesota Timberwolves,Philadelphia 76ers
03/04/2026,Atlanta Hawks,Brooklyn Nets
03/04/2026,Chicago Bulls,New York Knicks
03/04/2026,Utah Jazz,Houston Rockets
03/04/2026,Toronto Raptors,Memphis Grizzlies
03/04/2026,Boston Celtics,Milwaukee Bucks
03/04/2026,Orlando Magic,Dallas Mavericks
03/04/2026,New Orleans Pelicans,Sacramento Kings
04/04/2026,Washington Wizards,Miami Heat
04/04/2026,San Antonio Spurs,Denver Nuggets
04/04/2026,Detroit Pistons,Philadelphia 76ers
05/04/2026,Toronto Raptors,Boston Celtics
05/04/2026,Washington Wizards,Brooklyn Nets
05/04/2026,Phoenix Suns,Chicago Bulls
05/04/2026,Memphis Grizzlies,Milwaukee Bucks
05/04/2026,Indiana Pacers,Cleveland Cavaliers
05/04/2026,Charlotte Hornets,Minnesota Timberwolves
05/04/2026,Orlando Magic,New Orleans Pelicans
05/04/2026,Utah Jazz,Oklahoma City Thunder
05/04/2026,Los Angeles Lakers,Dallas Mavericks
05/04/2026,Los Angeles Clippers,Sacramento Kings
05/04/2026,Houston Rockets,Golden State Warriors
06/04/2026,New York Knicks,Atlanta Hawks
06/04/2026,Detroit Pistons,Orlando Magic
06/04/2026,Cleveland Cavaliers,Memphis Grizzlies
06/04/2026,Philadelphia 76ers,San Antonio Spurs
06/04/2026,Portland Trail Blazers,Denver Nuggets
07/04/2026,Chicago Bulls,Washington Wizards
07/04/2026,Charlotte Hornets,Boston Celtics
07/04/2026,Milwaukee Bucks,Brooklyn Nets
07/04/2026,Miami Heat,Toronto Raptors
07/04/2026,Minnesota Timberwolves,Indiana Pacers
07/04/2026,Utah Jazz,New Orleans Pelicans
07/04/2026,Sacramento Kings,Golden State Warriors
07/04/2026,Oklahoma City Thunder,Los Angeles Lakers
07/04/2026,Dallas Mavericks,Los Angeles Clippers
07/04/2026,Houston Rockets,Phoenix Suns
08/04/2026,Atlanta Hawks,Cleveland Cavaliers
08/04/2026,Minnesota Timberwolves,Orlando Magic
08/04/2026,Milwaukee Bucks,Detroit Pistons
08/04/2026,Portland Trail Blazers,San Antonio Spurs
08/04/2026,Memphis Grizzlies,Denver Nuggets
08/04/2026,Oklahoma City Thunder,Los Angeles Clippers
08/04/2026,Dallas Mavericks,Phoenix Suns
09/04/2026,Miami Heat,Toronto Raptors
09/04/2026,Chicago Bulls,Washington Wizards
09/04/2026,Indiana Pacers,Brooklyn Nets
09/04/2026,Boston Celtics,New York Knicks
09/04/2026,Philadelphia 76ers,Houston Rockets
09/04/2026,Los Angeles Lakers,Golden State Warriors
10/04/2026,Miami Heat,Washington Wizards
10/04/2026,Detroit Pistons,Charlotte Hornets
10/04/2026,New Orleans Pelicans,Boston Celtics
10/04/2026,Philadelphia 76ers,Indiana Pacers
10/04/2026,Cleveland Cavaliers,Atlanta Hawks
10/04/2026,Toronto Raptors,New York Knicks
10/04/2026,Orlando Magic,Chicago Bulls
10/04/2026,Minnesota Timberwolves,Houston Rockets
10/04/2026,Brooklyn Nets,Milwaukee Bucks
10/04/2026,Dallas Mavericks,San Antonio Spurs
10/04/2026,Memphis Grizzlies,Utah Jazz
10/04/2026,Oklahoma City Thunder,Denver Nuggets
10/04/2026,Los Angeles Clippers,Portland Trail Blazers
10/04/2026,Golden State Warriors,Sacramento Kings
10/04/2026,Phoenix Suns,Los Angeles Lakers
12/04/2026,Orlando Magic,Boston Celtics
12/04/2026,Washington Wizards,Cleveland Cavaliers
12/04/2026,Detroit Pistons,Indiana Pacers
12/04/2026,Atlanta Hawks,Miami Heat
12/04/2026,Charlotte Hornets,New York Knicks
12/04/2026,Milwaukee Bucks,Philadelphia 76ers
12/04/2026,Brooklyn Nets,Toronto Raptors
12/04/2026,Chicago Bulls,Dallas Mavericks
12/04/2026,Memphis Grizzlies,Houston Rockets
12/04/2026,Golden State Warriors,Los Angeles Clippers
12/04/2026,Utah Jazz,Los Angeles Lakers
12/04/2026,New Orleans Pelicans,Minnesota Timberwolves
12/04/2026,Phoenix Suns,Oklahoma City Thunder
12/04/2026,Sacramento Kings,Portland Trail Blazers
12/04/2026,Denver Nuggets,San Antonio Spurs
